{"train loss": 2.4109418392181396, "train acc": 0.2453125, "train f1": 0.049130242681466284, "_runtime": 134, "_timestamp": 1630304496, "_step": 9, "validation loss": 2.3783833185831704, "validation acc": 0.17354497354497356, "validation F1 score": 0.01928374655647383, "gradients/module.fc.bias": {"_type": "histogram", "values": [1.0, 1.0, 0.0, 0.0, 0.0, 0.0, 0.0, 1.0, 0.0, 0.0, 0.0, 0.0, 0.0, 0.0, 0.0, 1.0, 0.0, 0.0, 0.0, 0.0, 2.0, 0.0, 0.0, 0.0, 0.0, 0.0, 0.0, 0.0, 0.0, 0.0, 0.0, 0.0, 1.0, 0.0, 0.0, 1.0, 0.0, 1.0, 0.0, 0.0, 1.0, 0.0, 0.0, 0.0, 1.0, 0.0, 2.0, 3.0, 0.0, 0.0, 1.0, 0.0, 0.0, 0.0, 0.0, 0.0, 0.0, 0.0, 0.0, 0.0, 0.0, 0.0, 0.0, 1.0], "bins": [-0.04121553897857666, -0.03999185189604759, -0.038768164813518524, -0.037544481456279755, -0.03632079437375069, -0.03509710729122162, -0.03387342393398285, -0.03264973685145378, -0.03142604976892471, -0.030202362686395645, -0.028978677466511726, -0.027754992246627808, -0.02653130516409874, -0.02530761808156967, -0.024083932861685753, -0.022860247641801834, -0.021636560559272766, -0.020412873476743698, -0.01918918825685978, -0.01796550303697586, -0.016741815954446793, -0.0155181298032403, -0.014294443652033806, -0.013070757500827312, -0.011847071349620819, -0.010623385198414326, -0.009399699047207832, -0.008176012896001339, -0.006952326744794846, -0.005728640593588352, -0.004504954442381859, -0.0032812682911753654, -0.0020575784146785736, -0.0008338922634720802, 0.00038979388773441315, 0.0016134800389409065, 0.0028371661901474, 0.004060852341353893, 0.005284538492560387, 0.00650822464376688, 0.007731910794973373, 0.008955596946179867, 0.01017928309738636, 0.011402969248592854, 0.012626655399799347, 0.01385034155100584, 0.015074027702212334, 0.016297712922096252, 0.01752140000462532, 0.01874508708715439, 0.019968772307038307, 0.021192457526922226, 0.022416144609451294, 0.023639831691980362, 0.02486351691186428, 0.0260872021317482, 0.027310889214277267, 0.028534576296806335, 0.029758261516690254, 0.030981946736574173, 0.03220563381910324, 0.03342932090163231, 0.03465300798416138, 0.035876691341400146, 0.037100378423929214]}, "gradients/module.fc.weight": {"_type": "histogram", "values": [1.0, 1.0, 1.0, 0.0, 2.0, 2.0, 0.0, 0.0, 4.0, 2.0, 2.0, 8.0, 5.0, 0.0, 4.0, 10.0, 10.0, 7.0, 11.0, 14.0, 10.0, 15.0, 17.0, 19.0, 16.0, 16.0, 25.0, 25.0, 38.0, 32.0, 41.0, 54.0, 64.0, 101.0, 202.0, 575.0, 212.0, 188.0, 120.0, 91.0, 85.0, 71.0, 48.0, 42.0, 31.0, 18.0, 16.0, 13.0, 3.0, 6.0, 5.0, 6.0, 1.0, 0.0, 3.0, 2.0, 3.0, 1.0, 0.0, 1.0, 1.0, 1.0, 0.0, 2.0], "bins": [-0.06550498306751251, -0.06364680826663971, -0.06178863346576691, -0.059930458664894104, -0.0580722838640213, -0.0562141090631485, -0.054355934262275696, -0.05249775946140289, -0.05063958466053009, -0.04878140985965729, -0.046923235058784485, -0.04506506025791168, -0.04320688545703888, -0.04134871065616608, -0.039490535855293274, -0.03763236105442047, -0.03577418625354767, -0.033916011452674866, -0.03205783665180206, -0.03019966185092926, -0.028341487050056458, -0.026483312249183655, -0.024625137448310852, -0.02276696264743805, -0.020908784121274948, -0.019050609320402145, -0.017192434519529343, -0.01533425971865654, -0.013476084917783737, -0.01161790918558836, -0.009759734384715557, -0.007901559583842754, -0.006043385714292526, -0.0041852109134197235, -0.002327035879716277, -0.00046886084601283073, 0.001389313954859972, 0.003247489221394062, 0.005105664022266865, 0.0069638388231396675, 0.00882201362401247, 0.010680188424885273, 0.012538363225758076, 0.014396538957953453, 0.016254713758826256, 0.01811288855969906, 0.01997106336057186, 0.021829238161444664, 0.023687412962317467, 0.02554558776319027, 0.027403762564063072, 0.029261937364935875, 0.031120112165808678, 0.03297828882932663, 0.03483646363019943, 0.036694638431072235, 0.03855281323194504, 0.04041098803281784, 0.04226916283369064, 0.044127337634563446, 0.04598551243543625, 0.04784368723630905, 0.049701862037181854, 0.05156003683805466, 0.05341821163892746]}, "gradients/module.conv3.bias": {"_type": "histogram", "values": [1.0, 0.0, 0.0, 0.0, 0.0, 2.0, 1.0, 0.0, 0.0, 0.0, 1.0, 1.0, 2.0, 2.0, 1.0, 0.0, 2.0, 2.0, 2.0, 1.0, 0.0, 2.0, 4.0, 3.0, 2.0, 3.0, 0.0, 8.0, 4.0, 4.0, 2.0, 4.0, 6.0, 4.0, 9.0, 12.0, 8.0, 6.0, 6.0, 5.0, 2.0, 2.0, 1.0, 0.0, 5.0, 1.0, 1.0, 0.0, 1.0, 3.0, 0.0, 0.0, 1.0, 0.0, 0.0, 0.0, 0.0, 0.0, 0.0, 0.0, 0.0, 0.0, 0.0, 1.0], "bins": [-0.013691717758774757, -0.013302859850227833, -0.012914002873003483, -0.012525144964456558, -0.012136287055909634, -0.011747430078685284, -0.011358572170138359, -0.010969715192914009, -0.010580857284367085, -0.01019199937582016, -0.00980314239859581, -0.009414284490048885, -0.00902542658150196, -0.00863656960427761, -0.008247711695730686, -0.007858853787183762, -0.007469996344298124, -0.007081138901412487, -0.0066922809928655624, -0.006303423549979925, -0.005914566107094288, -0.005525708198547363, -0.005136850755661726, -0.004747993312776089, -0.004359135404229164, -0.003970277961343527, -0.003581420285627246, -0.003192562609910965, -0.0028037051670253277, -0.0024148474913090467, -0.002025989815592766, -0.0016371323727071285, -0.0012482749298214912, -0.0008594173705205321, -0.0004705597530119121, -8.170213550329208e-05, 0.000307155423797667, 0.0006960129830986261, 0.001084870658814907, 0.0014737281017005444, 0.0018625857774168253, 0.0022514434531331062, 0.0026403008960187435, 0.0030291585717350245, 0.0034180162474513054, 0.0038068736903369427, 0.00419573113322258, 0.0045845890417695045, 0.004973446484655142, 0.005362303927540779, 0.005751161836087704, 0.006140019278973341, 0.006528876721858978, 0.006917734630405903, 0.00730659207329154, 0.007695449516177177, 0.008084307424724102, 0.008473165333271027, 0.008862022310495377, 0.009250880219042301, 0.009639738127589226, 0.010028595104813576, 0.0104174530133605, 0.010806310921907425, 0.011195167899131775]}, "gradients/module.conv3.weight": {"_type": "histogram", "values": [1.0, 0.0, 1.0, 0.0, 2.0, 2.0, 1.0, 4.0, 5.0, 7.0, 1.0, 3.0, 3.0, 12.0, 10.0, 15.0, 25.0, 21.0, 23.0, 29.0, 38.0, 48.0, 65.0, 75.0, 93.0, 109.0, 150.0, 177.0, 219.0, 300.0, 376.0, 484.0, 594.0, 822.0, 1375.0, 1847.0, 2908.0, 4591.0, 8237.0, 38619.0, 6753.0, 2586.0, 1168.0, 653.0, 365.0, 260.0, 143.0, 100.0, 109.0, 73.0, 65.0, 39.0, 29.0, 14.0, 14.0, 10.0, 16.0, 13.0, 9.0, 9.0, 1.0, 1.0, 2.0, 4.0], "bins": [-0.02585160732269287, -0.02519867941737175, -0.02454575151205063, -0.023892823606729507, -0.023239895701408386, -0.022586965933442116, -0.021934038028120995, -0.021281110122799873, -0.020628182217478752, -0.01997525431215763, -0.01932232640683651, -0.01866939850151539, -0.018016468733549118, -0.017363540828227997, -0.016710612922906876, -0.016057685017585754, -0.015404757112264633, -0.014751829206943512, -0.01409890130162239, -0.013445972464978695, -0.012793044559657574, -0.012140116654336452, -0.011487187817692757, -0.010834259912371635, -0.010181332007050514, -0.009528404101729393, -0.008875476196408272, -0.008222547359764576, -0.007569619454443455, -0.0069166915491223335, -0.006263763178139925, -0.0056108348071575165, -0.0049579087644815445, -0.004304980859160423, -0.0036520524881780148, -0.00299912435002625, -0.002346196211874485, -0.0016932680737227201, -0.0010403399355709553, -0.00038741156458854675, 0.00026551634073257446, 0.0009184444788843393, 0.0015713726170361042, 0.002224300755187869, 0.002877228893339634, 0.003530157031491399, 0.004183085169643164, 0.004836013540625572, 0.005488941445946693, 0.006141869351267815, 0.006794797722250223, 0.007447726093232632, 0.008100653998553753, 0.008753581903874874, 0.00940651074051857, 0.010059438645839691, 0.010712366551160812, 0.011365294456481934, 0.012018222361803055, 0.01267115119844675, 0.013324079103767872, 0.013977007009088993, 0.014629935845732689, 0.01528286375105381, 0.01593579165637493]}, "gradients/module.conv2.bias": {"_type": "histogram",